,Year,Month,U.S. Natural Gas Imports (MMcf),U.S. Natural Gas Exports (MMcf),Weekly Lower 48 States Natural Gas Working Underground Storage (Billion Cubic Feet),U.S. Natural Gas Marketed Production (MMcf),U.S. Natural Gas Total Consumption (MMcf),Henry Hub Natural Gas Spot Price (Dollars per Million Btu),Prod_Merc_Positions_Long_ALL,Prod_Merc_Positions_Short_ALL,M_Money_Positions_Long_ALL,M_Money_Positions_Short_ALL,Price of U.S. Natural Gas Exports (Dollars per Thousand Cubic Feet),Monthly Real GDP Index,Date,Net_Imports_MMcf,Storage_Change_MMcf,Estimated_Storage_Change_MMcf,new_york_t_cdd,chicago_t_cdd,orlando_t_cdd,denver_t_cdd,oklahoma_city_t_cdd,knoxville_t_cdd,los_angeles_t_cdd,seattle_t_cdd,las_vegas_t_cdd,houston_t_cdd,new_york_t_hdd,chicago_t_hdd,orlando_t_hdd,denver_t_hdd,oklahoma_city_t_hdd,knoxville_t_hdd,los_angeles_t_hdd,seattle_t_hdd,las_vegas_t_hdd,houston_t_hdd,POPTHM
0,2011,11,248908.0,127599.0,3844.25,2076152.0,2031872.0,3.24,565.0,610.0,7067.0,906.0,4.24,17204.0926161877,2011-11-01,121309.0,,165589.0,0.0,0.0,76.0,0.0,2.3999999999999986,1.7000000000000028,9.5,0.0,0.0,56.1,220.9,317.5,12.5,417.1,238.7,207.79999999999998,73.4,353.8,183.3,71.9,313260
1,2011,12,297733.0,134374.0,3641.2,2134904.0,2541878.0,3.17,565.0,797.5,6567.0,1156.0,4.08,17207.5784554557,2011-12-01,163359.0,-203050.00000000017,-243615.0,0.0,0.0,41.3,0.0,0.0,0.0,0.0,0.0,0.0,8.5,367.4,490.8,27.6,638.8,409.7,341.6,158.8,420.0,328.1,170.8,313454
2,2012,1,281131.0,130464.0,3182.75,2152698.0,2756180.0,2.67,1223.0,1674.0,9242.0,656.0,3.66,17267.0415638285,2012-01-01,150667.0,-458449.9999999998,-452815.0,0.0,0.0,16.499999999999996,0.0,0.0,0.0,2.400000000000002,0.0,0.0,20.700000000000003,474.0,575.6,73.8,495.6,375.1,368.3,96.7,415.7,260.1,113.9,313636
3,2012,2,269906.0,130175.0,2689.25,1974431.0,2500654.0,2.51,1483.75,2100.0,9238.0,1156.0,3.06,17510.2711572025,2012-02-01,139731.0,-493500.0,-386492.0,0.0,0.0,63.0,0.0,0.0,0.0,0.0,0.0,0.0,25.599999999999998,383.8,499.9,25.4,578.3,315.4,289.4,103.2,336.9,183.6,105.80000000000001,313811
4,2012,3,265152.0,141164.0,2416.6,2118693.0,2127761.0,2.17,1317.5,2120.0,11306.75,2656.0,2.74,17324.2875822472,2012-03-01,123988.0,-272650.0000000001,114920.0,0.3000000000000007,30.6,126.5,0.0,26.4,16.000000000000004,3.900000000000002,0.0,20.10000000000001,96.4,226.9,211.1,1.1999999999999993,263.9,98.8,85.8,117.80000000000001,341.1,94.3,19.9,313993
5,2012,4,243018.0,123150.0,2525.75,2044519.0,1953071.0,1.95,2307.0,1811.25,6438.5,5281.75,2.28,17412.9418265252,2012-04-01,119868.0,109150.00000000009,211316.0,14.3,2.0,152.9,3.3000000000000007,51.60000000000001,27.099999999999998,0.5999999999999979,0.0,105.99999999999999,145.4,159.1,226.8,0.6000000000000014,194.7,38.5,76.60000000000001,68.89999999999999,220.1,33.5,0.10000000000000142,314176
6,2012,5,259023.0,132979.0,2708.0,2121367.0,1873835.0,2.43,4266.8,2194.8,5773.0,5330.6,2.79,17475.9668982175,2012-05-01,126044.0,182250.0,373576.0,63.900000000000006,79.10000000000001,235.1,21.400000000000002,140.5,127.9,6.300000000000001,1.3000000000000007,279.59999999999997,242.7,32.699999999999996,50.0,0.0,105.5,2.1000000000000014,2.5,24.0,158.8,0.6000000000000014,0.0,314368
7,2012,6,259732.0,125140.0,2998.4,2039909.0,1868356.0,2.46,9421.75,5359.0,5438.5,550.0,2.93,17445.2960794983,2012-06-01,134592.0,290400.0000000001,306145.0,139.5,178.8,237.60000000000002,162.4,238.70000000000002,194.3,16.699999999999996,0.3999999999999986,402.4,310.9,6.0,7.4,0.0,1.6999999999999993,2.5999999999999996,0.8999999999999986,1.2000000000000028,104.7,0.0,0.0,314576
8,2012,7,281166.0,118367.0,3176.25,2162384.0,2069773.0,2.95,10214.2,7189.2,4863.4,510.0,3.05,17518.0663525393,2012-07-01,162799.0,177849.9999999999,255410.0,274.2,306.6,307.5,201.6,381.8,266.7,46.5,20.499999999999996,448.1,299.4,0.0,0.0,0.0,0.0,0.0,0.0,1.2000000000000028,25.0,0.0,0.0,314796
9,2012,8,281350.0,139248.0,3317.0,2151742.0,2008815.0,2.84,15434.0,9260.0,4970.25,775.0,3.35,17414.9882562677,2012-08-01,142102.0,140750.0,285029.0,225.7,189.8,270.7,156.0,332.4,189.8,141.9,57.8,461.0,350.4,0.0,0.0,0.0,0.1999999999999993,0.0,0.0,0.0,7.299999999999997,0.0,0.0,315031
10,2012,9,257990.0,137374.0,3538.75,2094289.0,1807208.0,2.85,17034.25,10055.0,5813.5,562.5,3.0,17476.6190019505,2012-09-01,120616.0,221750.0,407697.0,91.3,65.4,252.6,51.199999999999996,184.9,102.5,132.2,9.899999999999999,331.9,239.79999999999998,8.2,39.400000000000006,0.0,45.9,4.400000000000002,8.8,0.0,51.49999999999999,0.0,0.0,315264
11,2012,10,253402.0,139930.0,3813.0,2168774.0,1901084.0,3.32,16301.6,13116.6,9437.0,1780.0,3.71,17407.0565179105,2012-10-01,113472.0,274250.0,381162.0,11.100000000000005,4.100000000000001,189.0,0.0,33.6,5.200000000000003,74.3,0.0,111.50000000000001,123.6,106.0,195.9,8.7,275.0,105.4,118.4,4.0000000000000036,185.7,13.199999999999996,25.4,315485
12,2012,11,233853.0,142299.0,3878.2,2101833.0,2167841.0,3.54,17891.25,14896.0,9394.5,6587.5,3.96,17485.925110589,2012-11-01,91554.0,65199.99999999982,25546.0,0.0,0.0,30.699999999999992,0.0,7.200000000000003,0.0,9.899999999999999,0.0,10.400000000000002,39.300000000000004,353.9,368.0,30.8,349.6,191.9,297.5,57.6,288.1,108.6,72.7,315692
13,2012,12,252066.0,158538.0,3675.0,2152640.0,2503907.0,3.34,21252.8,16336.4,23087.6,630.0,4.15,17577.3505567119,2012-12-01,93528.0,-203199.99999999983,-257739.0,0.0,0.0,47.4,0.0,1.3999999999999986,0.0,0.0,0.0,0.0,40.099999999999994,396.4,456.6,46.3,573.2,380.9,323.6,135.9,373.9,290.5,134.6,315877
14,2013,1,278078.0,154442.0,3070.25,2136400.0,2878785.0,3.33,24156.75,22342.0,25515.75,175.0,3.9,17719.6316530793,2013-01-01,123636.0,-604750.0,-618749.0,0.0,0.0,51.5,0.0,1.3000000000000007,1.0,0.0,0.0,0.0,21.599999999999998,497.5,623.1,24.3,578.3,406.4,383.5,146.9,421.1,336.5,180.9,316038
15,2013,2,236875.0,133003.0,2459.75,1935275.0,2567155.0,3.33,31399.0,28082.5,28818.0,500.0,3.84,17601.6890493401,2013-02-01,103872.0,-610500.0,-528008.0,0.0,0.0,53.60000000000001,0.0,0.0,0.0,0.6000000000000014,0.0,0.0,6.199999999999999,470.3,570.6,41.6,540.1,343.1,357.9,127.7,294.1,217.0,100.2,316191
16,2013,3,248290.0,148544.0,1872.8,2136856.0,2521108.0,3.81,42289.0,39058.25,33078.25,1100.0,4.05,17666.6075612191,2013-03-01,99746.0,-586950.0,-284506.0,0.0,0.0,29.000000000000004,0.0,2.1000000000000014,0.5,2.8999999999999986,0.0,40.3,34.2,405.2,520.3,74.9,438.0,251.4,351.0,91.1,263.0,49.099999999999994,84.9,316357
17,2013,4,220608.0,125771.0,1722.25,2094623.0,1967458.0,4.17,64553.4,51138.2,40198.2,8419.2,4.43,17697.9984377006,2013-04-01,94837.0,-150549.99999999994,222002.0,1.8000000000000007,4.199999999999999,140.29999999999998,0.0,15.700000000000003,16.600000000000005,1.9999999999999964,0.0,105.5,65.4,194.2,284.4,0.0,380.7,172.9,112.69999999999999,43.1,219.7,20.0,35.9,316535
18,2013,5,234183.0,142071.0,2055.2,2157048.0,1752469.0,4.04,69557.75,55679.75,36586.25,9956.25,4.38,17652.7405069753,2013-05-01,92112.0,332949.9999999998,496691.0,49.69999999999999,61.4,172.29999999999998,17.1,83.4,69.3,33.5,9.199999999999996,235.0,185.6,72.8,92.19999999999999,0.0,152.6,40.5,34.1,3.1000000000000014,101.2,0.5,7.4,316729
19,2013,6,236690.0,133808.0,2481.25,2084393.0,1742917.0,3.83,69068.75,63188.25,41212.25,6469.75,4.22,17778.9977689918,2013-06-01,102882.0,426050.0000000002,444358.0,150.3,101.20000000000002,252.70000000000002,117.89999999999999,226.8,172.6,52.099999999999994,31.400000000000002,441.8,319.0,2.6000000000000014,17.700000000000003,0.0,17.1,0.0,0.0,1.1000000000000014,24.1,0.0,0.0,316934
20,2013,7,236199.0,128612.0,2765.75,2196404.0,1926330.0,3.62,69637.2,66046.4,37678.8,6567.6,3.94,17802.7407605539,2013-07-01,107587.0,284500.0,377661.0,279.3,183.0,258.2,142.0,288.2,184.8,76.0,71.60000000000001,497.9,324.1,0.0,2.3999999999999986,0.0,1.1000000000000014,0.0,0.0,0.0,3.0,0.0,0.0,317156
21,2013,8,236248.0,130324.0,3066.0,2191677.0,1927379.0,3.43,76125.75,68623.75,36586.5,9179.75,3.75,17894.0177367022,2013-08-01,105924.0,300250.0,370222.0,172.9,172.0,296.5,131.5,288.5,185.8,70.4,88.9,407.8,336.9,0.0,0.0,0.0,1.9000000000000021,0.0,0.0,0.0,1.8999999999999986,0.0,0.0,317397
22,2013,9,243881.0,122421.0,3356.0,2115463.0,1766973.0,3.62,74507.5,67050.0,33204.5,10779.0,3.88,17885.3189635365,2013-09-01,121460.0,290000.0,469950.0,72.10000000000001,92.6,252.9,57.8,202.2,104.80000000000001,102.4,28.900000000000002,252.4,277.1,21.999999999999996,22.900000000000002,0.0,52.89999999999999,0.6000000000000014,0.5,0.0,43.3,0.0,0.0,317635
23,2013,10,220430.0,122406.0,3688.0,2192600.0,1866762.0,3.68,73505.4,61875.2,49266.6,10749.6,3.88,17983.9432495263,2013-10-01,98024.0,332000.0,423862.0,25.500000000000004,17.099999999999998,188.79999999999998,0.0,45.599999999999994,29.7,35.900000000000006,0.0,40.10000000000001,115.20000000000002,108.5,180.9,0.0,312.7,84.8,81.9,16.999999999999993,219.9,27.200000000000003,4.4,317864
24,2013,11,218693.0,113682.0,3765.4,2143606.0,2316909.0,3.64,76420.75,61053.75,36062.75,3902.5,4.15,18055.0330184048,2013-11-01,105011.0,77400.00000000009,-68292.0,1.3000000000000007,0.0,102.1,0.0,2.1000000000000014,2.6000000000000014,15.0,0.0,0.6000000000000014,28.300000000000004,327.9,426.8,11.399999999999999,397.9,273.5,293.0,34.8,288.5,140.1,138.5,318076
25,2013,12,273181.0,117329.0,3206.75,2177887.0,2920826.0,4.24,76675.6,64541.6,22901.4,4622.0,4.56,18010.1540177858,2013-12-01,155852.0,-558650.0000000001,-587087.0,0.10000000000000142,0.0,69.19999999999999,0.0,0.0,1.8000000000000007,2.6999999999999993,0.0,0.0,17.600000000000005,463.40000000000003,672.8,19.5,599.9,494.40000000000003,371.9,117.1,413.9,312.9,240.70000000000002,318276
26,2014,1,295356.0,134807.0,2375.6,2198795.0,3204129.0,4.71,76813.25,62660.0,30431.75,22921.25,5.82,17898.4653766963,2014-01-01,160549.0,-831150.0000000001,-844785.0,0.0,0.0,18.700000000000006,0.0,0.0,0.0,1.0,0.0,0.0,1.6000000000000014,633.6,809.2,133.4,565.7,460.0,564.1,81.0,342.6,216.5,245.9,318464
27,2014,2,245422.0,138550.0,1420.25,2033039.0,2741240.0,6.0,80209.5,60473.25,33018.5,21635.75,9.56,17986.814213364,2014-02-01,106872.0,-955349.9999999999,-601329.0,0.0,0.0,45.599999999999994,0.0,0.0,0.0,0.0,0.0,0.0,15.7,528.2,706.8,40.9,547.2,407.0,363.4,83.19999999999999,341.1,142.9,174.5,318642
28,2014,3,234189.0,149508.0,918.5,2267138.0,2557890.0,4.9,82955.5,55542.25,17309.0,20023.75,8.2,17977.3504830887,2014-03-01,84681.0,-501750.0,-206071.0,0.0,0.0,55.3,0.0,2.3000000000000007,0.0,7.900000000000002,0.0,12.3,19.699999999999992,459.7,554.0,21.4,409.1,290.3,290.4,50.9,254.3,53.099999999999994,111.0,318827
29,2014,4,200669.0,121928.0,889.25,2247677.0,1961678.0,4.66,78887.4,51503.2,19786.2,19101.0,4.93,18106.7367912762,2014-04-01,78741.0,-29250.0,364740.0,2.8999999999999986,1.8000000000000007,138.3,0.0,40.0,23.099999999999998,19.099999999999998,1.3999999999999986,102.89999999999999,98.8,210.6,244.5,0.10000000000000142,270.0,86.2,84.9,46.300000000000004,177.3,22.9,23.099999999999998,319020
30,2014,5,206657.0,114105.0,1272.2,2310058.0,1810222.0,4.58,76307.25,51212.5,30058.25,12751.25,5.01,18202.0568500189,2014-05-01,92552.0,382950.00000000006,592388.0,32.0,58.900000000000006,218.29999999999998,11.399999999999995,119.8,94.4,80.1,14.600000000000001,241.8,162.6,39.2,83.6,0.0,156.9,21.6,31.8,8.699999999999996,74.6,0.3999999999999986,1.5000000000000036,319225
31,2014,6,201655.0,119864.0,1770.75,2247082.0,1745351.0,4.59,66915.75,56409.75,38120.5,7766.75,4.81,18249.6403996099,2014-06-01,81791.0,498549.99999999994,583522.0,141.4,138.4,259.0,49.300000000000004,222.9,171.1,50.60000000000002,14.400000000000016,407.8,286.1,0.0,1.1000000000000014,0.0,21.799999999999997,0.0,0.0,0.0,30.699999999999996,0.0,0.0,319438
32,2014,7,201176.0,127301.0,2169.25,2371359.0,1881017.0,4.05,58596.0,59397.6,43043.0,10049.2,4.74,18362.2303453323,2014-07-01,73875.0,398500.0,564217.0,210.29999999999998,144.1,288.7,119.6,249.8,176.89999999999998,129.9,108.6,493.3,317.2,0.0,0.6000000000000014,0.0,5.399999999999999,0.0,0.0,0.0,2.3000000000000007,0.0,0.0,319670
33,2014,8,206554.0,115376.0,2550.0,2384273.0,1933061.0,3.91,52950.0,59924.5,66718.75,12190.75,4.38,18467.6436766242,2014-08-01,91178.0,380750.0,542390.0,173.4,182.4,321.5,66.3,299.2,184.5,128.29999999999998,110.8,391.09999999999997,323.3,0.0,0.0,0.0,5.5,0.0,0.0,0.0,0.3000000000000007,0.0,0.0,319919
34,2014,9,201622.0,119891.0,2944.5,2306544.0,1809291.0,3.92,49215.8,60012.6,73762.8,14205.0,4.41,18391.6647648701,2014-09-01,81731.0,394500.0,578984.0,98.2,72.5,253.4,39.0,172.9,126.1,156.7,34.599999999999994,325.59999999999997,244.1,8.3,44.2,0.0,56.900000000000006,7.4,1.3999999999999986,0.0,9.5,0.0,0.0,320166
35,2014,10,220858.0,115069.0,3389.4,2407070.0,1912810.0,3.78,48581.0,58824.5,59532.5,19963.25,4.37,18495.4906190888,2014-10-01,105789.0,444900.0000000001,600049.0,12.100000000000005,4.400000000000002,190.9,0.0,69.3,22.500000000000004,116.39999999999999,1.3000000000000007,150.0,136.3,96.9,165.8,0.0,183.9,35.3,97.3,0.0,85.4,0.0,0.0,320403
36,2014,11,227485.0,120861.0,3511.75,2314517.0,2357521.0,4.12,58442.25,61201.0,64536.5,19757.75,4.44,18509.3864093921,2014-11-01,106624.0,122349.99999999991,63620.0,0.0,0.0,50.800000000000004,0.0,0.0,0.0,27.5,0.0,1.8999999999999986,13.399999999999999,341.1,460.9,46.9,488.1,295.9,360.1,8.0,277.7,115.60000000000001,136.5,320616
37,2014,12,253736.0,136982.0,3280.25,2410202.0,2679165.0,3.48,59525.6,60618.8,71420.6,25770.0,4.25,18495.8357855396,2014-12-01,116754.0,-231500.0,-152209.0,0.0,0.0,53.4,0.0,0.0,0.0,1.9000000000000021,0.0,0.0,11.200000000000003,421.7,512.3,49.4,544.2,371.7,362.3,81.8,303.8,262.0,138.6,320815
38,2015,1,279397.0,144522.0,2710.2,2420352.0,3114982.0,2.99,70577.0,58773.0,81929.75,32868.5,3.78,18650.9841320796,2015-01-01,134875.0,-570050.0000000002,-559755.0,0.0,0.0,22.5,0.0,0.0,0.0,7.800000000000001,0.0,0.0,0.0,612.7,670.8,78.1,509.2,425.6,472.1,61.7,297.5,230.5,258.2,320997
39,2015,2,254230.0,144955.0,2018.25,2196987.0,2925172.0,2.87,67319.5,53092.5,89664.25,23851.25,3.98,18729.876496534,2015-02-01,109275.0,-691949.9999999998,-618910.0,0.0,0.0,10.099999999999998,0.0,0.0,0.0,15.7,0.0,2.0,7.0,640.0,709.8,85.3,483.9,402.9,505.4,39.099999999999994,210.20000000000002,95.3,191.2,321164
40,2015,3,257274.0,163967.0,1479.75,2443119.0,2591329.0,2.83,60857.8,48555.6,97540.6,14667.2,3.41,18619.551138028,2015-03-01,93307.0,-538500.0,-54903.0,0.0,0.0,131.8,0.0,5.0,2.1000000000000014,56.0,0.0,64.39999999999999,36.8,461.9,453.3,9.000000000000002,330.8,210.3,226.4,18.1,204.0,49.2,79.10000000000001,321344
41,2015,4,205120.0,130328.0,1588.5,2398440.0,2007922.0,2.61,64044.75,47019.0,109125.25,12846.0,2.83,18782.6460372828,2015-04-01,74792.0,108750.0,465310.0,3.099999999999998,0.1999999999999993,199.9,0.0,30.299999999999997,15.600000000000001,26.700000000000003,0.0,81.9,125.0,174.0,200.7,0.0,271.5,59.0,67.5,22.200000000000006,186.6,16.8,2.0,321538
42,2015,5,204348.0,134274.0,2001.0,2442713.0,1858149.0,2.85,63488.75,50120.5,118800.5,16635.75,2.95,18750.5789880438,2015-05-01,70074.0,412500.0,654638.0,83.2,62.599999999999994,243.8,1.1999999999999993,60.5,119.2,1.8999999999999986,12.600000000000001,169.0,199.9,26.200000000000003,80.0,0.0,222.2,18.799999999999997,14.8,25.90000000000001,70.6,7.499999999999998,0.0,321740
43,2015,6,206273.0,138179.0,2465.5,2358416.0,1899906.0,2.78,65346.8,60415.2,121586.2,18152.2,3.01,18813.9225469305,2015-06-01,68094.0,464500.0,526604.0,137.1,102.7,275.1,67.9,234.6,220.5,61.10000000000001,90.8,448.3,287.0,17.3,11.4,0.0,12.300000000000002,0.0,0.0,0.0,6.599999999999998,0.0,0.0,321954
44,2015,7,216973.0,143820.0,2807.0,2444753.0,2067714.0,2.84,78014.0,76634.75,117241.75,17467.75,3.06,18820.1436430488,2015-07-01,73153.0,341500.0,450192.0,248.4,188.5,295.7,111.5,291.7,229.1,123.1,144.20000000000002,435.8,357.4,0.0,2.6999999999999993,0.0,6.600000000000001,0.0,0.0,0.0,0.0,0.0,0.0,322186
45,2015,8,213875.0,144885.0,3071.5,2447534.0,2052728.0,2.77,79812.25,84802.5,108349.5,13509.5,3.09,18833.1084377915,2015-08-01,68990.0,264500.0,463796.0,244.6,168.9,294.3,135.1,252.60000000000002,191.2,169.7,105.3,471.0,336.3,0.0,0.1999999999999993,0.0,8.1,0.0,0.0,0.0,0.5,0.0,0.0,322427
46,2015,9,208818.0,162573.0,3394.0,2383531.0,1901337.0,2.66,82705.0,85400.2,102046.6,5920.6,2.92,18919.4036606707,2015-09-01,46245.0,322500.0,528439.0,152.9,125.0,266.8,69.70000000000002,206.5,121.3,199.1,15.7,358.9,239.1,0.6000000000000014,9.6,0.0,6.399999999999999,0.0,4.400000000000002,0.0,48.099999999999994,0.0,0.0,322670
47,2015,10,226286.0,158517.0,3796.8,2445042.0,1987310.0,2.34,99158.75,69317.5,98609.5,3703.25,2.73,18916.4371137535,2015-10-01,67769.0,402800.0000000002,525501.0,3.3999999999999986,4.900000000000002,186.0,5.600000000000001,38.3,13.999999999999996,176.5,0.0,150.1,144.4,128.7,141.7,0.0,162.20000000000002,46.099999999999994,86.8,0.0,90.7,0.6000000000000014,0.1999999999999993,322901
48,2015,11,218242.0,155739.0,3987.5,2356237.0,2249140.0,2.09,105692.0,64027.5,68087.0,7080.75,2.63,18839.3534829507,2015-11-01,62503.0,190699.99999999983,169600.0,3.3000000000000007,0.8000000000000007,168.2,0.0,3.1999999999999993,3.700000000000003,35.800000000000004,0.0,3.3000000000000007,39.400000000000006,200.4,286.2,3.5,447.4,217.8,186.1,39.60000000000001,303.1,194.5,67.6,323113
49,2015,12,227257.0,161754.0,3824.0,2434920.0,2588168.0,1.93,102950.0,63309.0,42050.0,5490.4,2.57,18921.1152202136,2015-12-01,65503.0,-163500.0,-87745.0,1.6999999999999993,0.0,127.3,0.0,0.0,1.6000000000000014,0.9000000000000021,0.0,0.0,40.1,253.0,402.8,5.199999999999999,562.1,339.6,209.9,125.1,337.9,321.8,128.8,323318
50,2016,1,273600.0,168521.0,3287.0,2435375.0,3091695.0,2.28,92729.0,58437.0,47160.5,5849.25,2.54,18978.5562514991,2016-01-01,105079.0,-537000.0,-551241.0,0.0,0.0,11.799999999999997,0.0,0.0,0.0,0.0,0.0,0.0,1.8999999999999986,529.0,638.6,95.8,560.2,453.9,500.8,122.7,355.4,297.1,217.4,323509
51,2016,2,251775.0,162757.0,2671.25,2310521.0,2652260.0,1.99,86735.0,58709.0,44456.25,3836.75,2.28,18953.7876884479,2016-02-01,89018.0,-615750.0,-252721.0,0.0,0.0,34.2,0.0,3.0,0.0,25.099999999999994,0.0,4.0,17.200000000000003,435.4,514.6,64.6,424.5,258.1,351.5,50.5,262.8,119.5,98.3,323687
52,2016,3,240764.0,194915.0,2479.5,2441976.0,2356298.0,1.73,81938.0,51516.8,42501.8,2101.0,2.04,19073.0686339087,2016-03-01,45849.0,-191750.0,131527.0,3.1000000000000014,0.0,125.2,0.0,4.200000000000003,10.0,3.099999999999998,0.0,25.7,48.2,275.4,334.5,5.299999999999999,391.4,155.3,164.70000000000002,59.49999999999999,258.1,47.6,35.6,323871
53,2016,4,241317.0,177853.0,2524.6,2361554.0,2083848.0,1.92,70369.0,45778.0,47660.75,2425.75,2.15,19089.4805544327,2016-04-01,63464.0,45099.99999999991,341170.0,9.399999999999999,7.900000000000002,167.8,0.0,18.900000000000002,22.200000000000003,22.2,6.599999999999998,72.4,83.9,193.1,254.70000000000002,0.0,296.0,56.599999999999994,87.3,27.800000000000004,135.7,21.0,7.4,324061
54,2016,5,248317.0,188274.0,2791.75,2412475.0,1965799.0,1.92,65082.0,45519.6,48855.2,984.8,2.15,19044.1351068305,2016-05-01,60043.0,267150.0000000001,506719.0,55.3,53.7,240.5,2.799999999999997,82.8,63.800000000000004,0.3000000000000007,8.900000000000006,184.1,159.6,89.8,95.1,0.0,192.70000000000002,34.9,27.6,28.099999999999994,82.60000000000001,3.1999999999999993,0.0,324260
55,2016,6,241885.0,183013.0,3064.0,2312288.0,2000656.0,2.59,60814.0,41159.75,71801.25,10145.75,2.6,19054.7532303049,2016-06-01,58872.0,272250.0,370504.0,142.1,165.2,299.0,103.3,240.4,193.6,62.80000000000001,32.7,463.9,274.8,1.3999999999999986,3.0,0.0,4.199999999999999,0.0,0.0,4.399999999999999,45.6,0.0,0.0,324476
56,2016,7,265022.0,188682.0,3256.2,2408915.0,2186616.0,2.82,55503.5,42249.0,80557.5,11937.0,3.02,19097.3184692429,2016-07-01,76340.0,192199.99999999983,298639.0,256.0,219.39999999999998,332.8,176.0,318.2,254.1,127.5,48.0,520.0,370.2,0.0,0.0,0.0,0.0,0.0,0.0,0.0,5.199999999999999,0.0,0.0,324697
57,2016,8,261983.0,214226.0,3351.75,2389813.0,2208375.0,2.82,54536.8,39170.8,76187.8,12643.8,3.13,19205.5165293059,2016-08-01,47757.0,95550.00000000017,229195.0,274.1,229.0,301.6,104.7,289.8,245.6,114.4,77.9,444.0,323.1,0.0,0.0,0.0,12.300000000000002,0.0,0.0,0.0,4.600000000000005,0.0,0.0,324924
58,2016,9,238491.0,201986.0,3553.4,2297402.0,1947752.0,2.99,61634.25,43694.0,24872.75,17622.75,3.16,19290.9877942137,2016-09-01,36505.0,201650.0000000001,386155.0,152.6,132.0,269.9,47.1,176.2,177.9,117.4,1.8000000000000007,286.2,276.7,4.799999999999999,6.5,0.0,35.8,0.6999999999999993,2.0,0.0,49.7,0.0,0.0,325155
59,2016,10,231449.0,176466.0,3866.75,2364679.0,1925203.0,2.98,63371.5,43349.25,4573.5,15709.75,3.06,19218.3227304978,2016-10-01,54983.0,313349.9999999999,494459.0,20.900000000000002,23.199999999999996,190.4,5.400000000000002,68.4,41.3,58.2,0.0,134.4,166.60000000000002,106.0,108.1,0.0,126.69999999999999,23.6,39.400000000000006,3.200000000000003,166.0,0.0,1.3000000000000007,325368
60,2016,11,231044.0,227919.0,4026.0,2307494.0,2159445.0,2.55,77893.8,37528.8,4219.4,13653.6,3.0,19329.7945359705,2016-11-01,3125.0,159250.0,151174.0,0.0,2.3999999999999986,78.80000000000001,0.0,12.0,2.6999999999999993,35.5,0.0,19.599999999999998,65.10000000000001,229.7,265.0,9.0,323.1,151.4,212.4,45.2,223.1,101.6,25.200000000000003,325562
61,2016,12,280791.0,250836.0,3605.4,2357556.0,2866273.0,3.59,99812.75,55321.25,5460.0,14683.25,3.82,19364.9406868136,2016-12-01,29955.0,-420599.9999999999,-478762.0,0.0,0.0,85.39999999999999,0.0,0.0,0.0,0.8000000000000007,0.0,0.0,41.3,424.4,636.8000000000001,16.6,581.0,435.0,384.5,111.2,445.8,302.0,139.1,325742
62,2017,1,291656.0,269960.0,2896.5,2339431.0,2913823.0,3.3,129752.6,58714.8,5541.8,10196.6,4.26,19352.9694699707,2017-01-01,21696.0,-708900.0000000001,-552696.0,0.0,0.0,53.099999999999994,0.0,0.0,0.0,0.0,0.0,0.0,33.0,436.8,587.3,51.5,597.4,405.6,301.4,143.9,454.4,279.0,115.4,325901
63,2017,2,254597.0,253227.0,2430.75,2142588.0,2340217.0,2.85,131524.0,59310.25,5657.25,8540.0,3.8,19375.1169443057,2017-02-01,1370.0,-465750.0,-196259.0,0.0,0.0,56.8,0.0,2.6999999999999993,1.6999999999999993,0.0,0.0,1.3999999999999986,60.3,350.8,384.7,7.399999999999997,378.2,220.7,234.7,110.6,356.0,139.8,37.1,326050
64,2017,3,280567.0,273345.0,2145.8,2425799.0,2523331.0,2.88,135651.0,74477.25,8609.0,8692.75,3.21,19466.9847106877,2017-03-01,7222.0,-284949.9999999998,-90310.0,0.0,0.0,86.3,0.0,23.799999999999997,2.5,2.400000000000002,0.0,53.900000000000006,94.5,415.2,429.9,19.9,275.2,152.5,225.2,58.9,309.6,50.3,29.0,326207
65,2017,4,238279.0,242424.0,2155.25,2350432.0,1932042.0,3.1,136331.75,82830.5,10605.75,12352.75,3.65,19388.8587091533,2017-04-01,-4145.0,9449.999999999818,414245.0,11.499999999999996,11.8,167.5,0.0,21.999999999999996,36.699999999999996,18.299999999999997,0.0,86.19999999999999,127.5,152.6,176.4,0.0,265.5,77.6,49.6,30.6,228.9,7.499999999999998,1.0,326371
66,2017,5,244353.0,248867.0,2409.75,2428739.0,1892010.0,3.15,139421.8,83834.2,11582.8,12929.4,3.57,19518.7389792374,2017-05-01,-4514.0,254500.0,532215.0,31.900000000000002,28.3,249.6,4.099999999999998,75.0,79.4,14.399999999999999,11.200000000000003,219.9,201.0,80.2,123.8,0.0,170.79999999999998,25.299999999999997,28.1,37.2,122.3,3.900000000000002,0.0,326548
67,2017,6,239805.0,253322.0,2760.8,2373176.0,1910441.0,2.98,133745.0,76185.0,16514.75,10854.75,3.41,19613.291864149,2017-06-01,-13517.0,351050.0000000002,449218.0,149.6,151.20000000000002,247.29999999999998,86.8,219.8,138.8,39.400000000000006,22.999999999999996,449.6,279.1,6.699999999999999,0.0,0.0,15.000000000000002,0.0,0.0,1.9000000000000021,52.099999999999994,0.0,0.0,326743
68,2017,7,250508.0,248801.0,2969.5,2477573.0,2141595.0,2.98,112081.75,63450.5,13268.0,10810.25,3.37,19595.1871518502,2017-07-01,1707.0,208699.99999999983,337685.0,223.79999999999998,200.1,295.4,162.89999999999998,312.3,232.0,115.3,50.8,522.1,345.2,0.0,0.0,0.0,0.0,0.0,0.0,0.10000000000000142,3.1000000000000014,0.0,0.0,326939
69,2017,8,247888.0,247302.0,3097.75,2476180.0,2093773.0,2.9,90755.8,63441.2,11449.2,8850.6,3.27,19639.0287293088,2017-08-01,586.0,128250.0,382993.0,188.3,139.6,310.3,87.3,212.5,180.7,126.19999999999999,93.1,455.7,313.7,0.0,1.5,0.0,9.399999999999999,0.0,0.0,0.0,0.0,0.0,0.0,327140
70,2017,9,229444.0,248916.0,3382.6,2438213.0,1920466.0,2.98,78862.5,55125.0,13167.25,8017.0,3.3,19748.0579994286,2017-09-01,-19472.0,284849.9999999999,498275.0,122.8,113.0,263.2,60.0,141.9,81.7,121.80000000000001,42.30000000000001,280.6,239.39999999999998,1.6000000000000014,11.100000000000005,0.0,75.7,2.6999999999999993,8.2,0.0,45.6,0.0,0.0,327342
71,2017,10,241338.0,279775.0,3681.25,2564255.0,2031510.0,2.88,72686.0,47226.6,11565.6,8282.6,3.37,19760.7649287208,2017-10-01,-38437.0,298650.0000000001,494308.0,52.00000000000001,22.200000000000003,203.5,0.0,50.3,41.800000000000004,113.0,0.0,108.8,140.0,32.3,128.3,5.1,260.6,99.3,100.5,0.0,208.9,0.6999999999999993,17.3,327528
72,2017,11,240314.0,287727.0,3745.25,2558771.0,2357258.0,3.01,77230.0,49401.0,15523.75,10470.75,3.54,19911.9792285397,2017-11-01,-47413.0,64000.0,154100.0,0.6999999999999993,0.0,94.39999999999999,0.0,0.1999999999999993,3.400000000000002,24.400000000000006,0.0,6.700000000000003,75.0,251.20000000000002,382.8,1.5000000000000036,324.9,202.1,241.2,15.399999999999997,297.0,69.2,40.2,327699
73,2017,12,274478.0,300138.0,3444.6,2662670.0,3086015.0,2.82,87744.0,53128.25,9004.0,13270.75,3.68,19974.2452846475,2017-12-01,-25660.0,-300650.0000000001,-449005.0,0.0,0.0,58.699999999999996,0.0,1.3000000000000007,0.0,2.599999999999998,0.0,0.0,18.500000000000004,467.1,617.5,44.2,509.0,424.7,403.4,83.19999999999999,419.5,237.4,200.0,327848
74,2018,1,299891.0,300234.0,2461.0,2618315.0,3340935.0,3.87,78740.2,47548.0,8399.8,17664.8,3.97,19997.9171270035,2018-01-01,-343.0,-983599.9999999999,-722963.0,0.0,0.0,26.500000000000004,0.0,0.0,0.0,11.600000000000001,0.0,0.0,2.599999999999998,548.0,659.3,132.5,510.7,485.6,537.4,68.0,331.1,208.9,278.9,327969
75,2018,2,237417.0,275652.0,1851.0,2414348.0,2710719.0,2.67,78992.75,43810.75,6760.0,20426.25,3.93,20100.1925789498,2018-02-01,-38235.0,-610000.0,-334606.0,0.0,0.0,110.6,0.0,1.1999999999999993,6.900000000000002,0.0,0.0,0.0,38.7,352.7,524.4,3.1999999999999993,535.8,388.7,229.29999999999998,100.7,349.4,177.6,82.6,328085
76,2018,3,270762.0,291468.0,1468.0,2704217.0,2796708.0,2.69,79372.5,39266.0,4706.0,15985.25,3.37,20034.0895054404,2018-03-01,-20706.0,-383000.0,-113197.0,0.0,0.0,58.8,0.0,2.799999999999997,0.0,0.0,0.0,11.3,78.5,411.6,465.9,33.4,356.8,194.2,269.7,97.9,309.6,103.1,28.699999999999996,328219
77,2018,4,242264.0,278941.0,1314.5,2612541.0,2350481.0,2.8,82358.0,38788.25,8315.0,12744.0,3.46,20081.7176284739,2018-04-01,-36677.0,-153500.0,225383.0,0.8999999999999986,0.0,143.70000000000002,1.0,16.3,7.800000000000001,9.300000000000004,0.3000000000000007,131.0,68.0,256.2,368.9,0.3000000000000007,276.2,180.3,157.1,55.6,216.9,7.700000000000001,21.5,328364
78,2018,5,227168.0,272116.0,1581.0,2730667.0,2055019.0,2.8,83830.4,39838.4,14559.4,10604.6,3.7,20183.9995694866,2018-05-01,-44948.0,266500.0,630700.0,64.9,90.4,203.1,26.000000000000004,166.20000000000002,129.39999999999998,2.700000000000003,7.400000000000002,248.3,256.7,33.89999999999999,45.6,0.0,95.2,0.0,2.1999999999999993,36.50000000000001,76.19999999999999,6.0,0.0,328521
79,2018,6,228469.0,261995.0,1992.8,2655954.0,2063144.0,2.97,82173.25,37484.75,16421.0,10467.75,3.43,20185.7227449156,2018-06-01,-33526.0,411799.99999999994,559284.0,130.1,132.1,277.0,124.3,250.8,189.8,35.400000000000006,19.400000000000002,436.5,325.8,3.0,2.400000000000002,0.0,7.900000000000004,0.0,0.0,0.8000000000000007,55.9,0.0,0.0,328692
80,2018,7,247012.0,305997.0,2257.0,2799146.0,2350719.0,2.83,91592.2,37056.2,14175.8,6159.2,3.72,20255.1018624297,2018-07-01,-58985.0,264200.00000000006,389442.0,227.29999999999998,214.3,300.8,151.9,302.3,222.9,169.2,105.8,525.0,355.8,0.0,0.0,0.0,0.8999999999999986,0.0,0.0,0.0,5.300000000000001,0.0,0.0,328863
81,2018,8,237025.0,311449.0,2449.0,2855600.0,2313836.0,2.96,102419.75,39897.25,13070.25,7265.25,3.78,20287.7777455238,2018-08-01,-74424.0,192000.0,467340.0,260.8,215.20000000000002,310.4,95.10000000000001,246.39999999999998,199.4,170.0,68.4,499.3,336.1,0.0,0.0,0.0,5.4999999999999964,0.0,0.0,0.0,6.900000000000004,0.0,0.0,329040
82,2018,9,214074.0,301742.0,2748.0,2808817.0,2156063.0,3.0,117390.5,59390.75,13606.25,3713.25,3.47,20285.618643635,2018-09-01,-87668.0,299000.0,565086.0,136.1,107.8,309.5,54.599999999999994,131.9,182.4,82.5,6.299999999999997,364.4,250.5,4.700000000000001,22.5,0.0,40.099999999999994,5.999999999999998,0.0,0.0,50.300000000000004,0.0,0.0,329216
83,2018,10,215128.0,306653.0,3057.75,2939250.0,2285854.0,3.28,124317.8,65831.2,8277.6,5031.2,3.76,20286.7334166955,2018-10-01,-91525.0,309750.0,561871.0,37.400000000000006,21.700000000000003,231.1,0.8999999999999986,37.5,63.1,57.900000000000006,0.0,80.89999999999999,138.70000000000002,137.2,213.70000000000002,0.0,308.8,123.9,106.1,0.5,199.1,9.2,14.700000000000001,329379
84,2018,11,212486.0,337789.0,3122.6,2894098.0,2715942.0,4.09,129974.5,64456.75,11758.25,3111.0,4.46,20304.3617401635,2018-11-01,-125303.0,64849.99999999991,52853.0,1.3000000000000007,0.0,108.0,0.0,0.0,0.0,15.399999999999995,0.0,6.100000000000001,33.099999999999994,314.9,480.9,28.4,492.2,341.6,308.8,22.499999999999993,271.8,149.7,137.9,329527
85,2018,12,257148.0,363806.0,2779.25,2975914.0,2999510.0,4.04,133479.0,67353.8,13586.2,4077.6,5.22,20323.5364645808,2018-12-01,-106658.0,-343349.9999999999,-130254.0,0.0,0.0,44.2,0.0,0.0,0.0,0.0,0.0,0.0,9.099999999999994,399.4,525.2,65.9,603.6,418.0,350.1,109.1,357.6,274.8,155.0,329659
86,2019,1,290886.0,364787.0,2428.5,2974830.0,3424302.0,3.11,129975.25,61207.0,10252.75,4860.5,4.39,20419.9353782251,2019-01-01,-73901.0,-350750.0,-523373.0,0.0,0.0,24.799999999999994,0.0,0.0,0.0,0.0,0.0,0.0,2.0,520.8,717.3,99.9,577.7,471.9,407.0,125.8,351.5,270.2,199.3,329766
87,2019,2,233344.0,329954.0,1771.5,2705249.0,3019120.0,2.69,129117.5,65324.5,8606.75,11319.25,3.76,20406.1872640736,2019-02-01,-96610.0,-657000.0,-410481.0,0.0,0.0,87.7,0.0,0.0,3.8999999999999986,0.0,0.0,0.0,21.900000000000002,436.1,573.4,8.599999999999998,573.2,399.0,260.2,162.6,433.0,282.2,100.0,329862
88,2019,3,252989.0,373539.0,1192.0,3008808.0,2927812.0,2.95,114802.25,60985.75,10298.75,7537.0,3.68,20419.350863071,2019-03-01,-120550.0,-579500.0,-39554.0,0.0,0.0,74.3,0.0,0.0,0.0,5.400000000000002,0.0,2.3000000000000007,44.2,389.3,494.7,18.800000000000004,496.5,299.9,276.8,78.7,291.3,93.1,86.2,329977
89,2019,4,206559.0,338213.0,1300.75,2925844.0,2212386.0,2.65,124962.0,61836.0,8124.6,7839.0,3.32,20492.940814748,2019-04-01,-131654.0,108750.0,581804.0,2.299999999999997,2.1999999999999993,154.29999999999998,0.0,17.000000000000004,21.900000000000006,9.299999999999997,0.0,109.30000000000001,102.00000000000001,165.0,231.5,0.0,249.4,87.6,74.8,38.9,195.8,9.400000000000002,23.6,330103
90,2019,5,207651.0,368568.0,1761.2,3046445.0,2133985.0,2.64,144679.25,63696.25,10348.75,6747.25,3.51,20576.1632955465,2019-05-01,-160917.0,460450.00000000006,751543.0,32.7,23.900000000000006,255.4,7.300000000000004,69.80000000000001,125.5,0.7999999999999972,7.899999999999999,113.6,234.70000000000002,67.80000000000001,118.1,0.0,190.9,32.300000000000004,9.599999999999998,39.400000000000006,80.10000000000001,8.400000000000002,0.0,330240
91,2019,6,201163.0,360226.0,2245.5,2956304.0,2119341.0,2.4,164146.75,60582.75,20941.0,3141.5,3.18,20684.5261038238,2019-06-01,-159063.0,484299.99999999994,677900.0,134.2,90.30000000000001,293.1,69.0,174.0,146.10000000000002,41.5,20.599999999999998,382.3,287.8,0.3999999999999986,15.399999999999997,0.0,19.799999999999997,0.0,0.3000000000000007,3.3000000000000007,44.2,0.0,0.0,330393
92,2019,7,230407.0,393400.0,2551.75,3071698.0,2393904.0,2.37,164797.8,55773.6,27277.2,2525.6,3.47,20773.8782446649,2019-07-01,-162993.0,306250.0,514801.0,271.2,236.0,308.6,220.1,283.7,223.1,139.1,56.2,498.5,340.2,0.0,0.0,0.0,0.0,0.0,0.0,0.0,6.399999999999999,0.0,0.0,330553
93,2019,8,220076.0,384983.0,2804.4,3146384.0,2433924.0,2.22,161039.25,50697.75,22051.5,1950.75,3.23,20818.086889182,2019-08-01,-164907.0,252650.0000000001,547553.0,216.1,168.2,307.1,192.5,299.0,210.1,156.1,75.4,490.0,373.0,0.0,0.0,0.0,0.0,0.0,0.0,0.0,0.6999999999999993,0.0,0.0,330729
94,2019,9,208286.0,394511.0,3161.0,3056535.0,2206252.0,2.56,144239.25,45260.5,26839.0,2677.25,3.56,20860.821790684,2019-09-01,-186225.0,356599.9999999999,664058.0,124.8,107.9,287.7,94.5,226.5,199.5,173.1,18.300000000000004,303.5,301.2,0.1999999999999993,1.1999999999999993,0.0,9.7,0.0,0.0,0.0,48.699999999999996,0.0,0.0,330904
95,2019,10,210537.0,425775.0,3558.75,3186150.0,2306544.0,2.33,144437.8,47956.2,16062.4,359.2,3.55,20853.7176518448,2019-10-01,-215238.0,397750.0,664368.0,18.100000000000005,8.899999999999999,249.2,0.0,31.8,48.2,107.4,0.0,64.4,141.1,70.0,207.0,0.0,347.2,160.0,72.7,0.3999999999999986,237.0,46.8,23.3,331066
96,2019,11,223765.0,441944.0,3660.0,3133926.0,2783754.0,2.65,141974.0,58200.5,15288.5,2573.75,4.03,21000.1520648991,2019-11-01,-218179.0,101250.0,131993.0,0.0,0.0,84.6,0.0,0.0,0.0,28.599999999999998,0.0,1.3000000000000007,37.1,305.1,471.8,19.3,450.6,314.5,442.0,38.599999999999994,299.9,130.1,121.7,331213
97,2019,12,256053.0,481757.0,3342.75,3234746.0,3170717.0,2.22,140318.8,63356.2,12569.0,869.4,3.89,20999.5922565346,2019-12-01,-225704.0,-317250.0,-161675.0,0.0,0.0,70.2,0.0,0.0,0.0,0.0,0.0,0.0,15.399999999999999,424.5,496.6,25.299999999999997,565.9,383.7,328.6,95.6,339.0,279.6,138.8,331345
98,2020,1,262080.0,510444.0,2897.8,3257533.0,3327245.0,2.02,136932.75,71169.5,15904.5,2467.75,3.74,20960.1992188585,2020-01-01,-248364.0,-444949.9999999998,-318076.0,0.0,0.0,58.2,0.0,0.0,2.6000000000000014,3.1000000000000014,0.0,0.0,19.400000000000002,416.7,563.8,56.8,552.6,384.5,337.5,81.0,336.1,241.9,131.5,331443
99,2020,2,238328.0,454245.0,2282.0,2992845.0,3062299.0,1.91,133603.75,73850.75,14258.75,4600.75,3.51,21057.4171235922,2020-02-01,-215917.0,-615800.0000000002,-285371.0,0.0,0.0,70.8,0.0,0.0,0.0,16.9,0.0,0.0,16.7,383.1,553.0,41.1,532.8,369.3,320.1,58.099999999999994,335.3,183.2,135.20000000000002,331525
100,2020,3,213231.0,497437.0,2017.0,3192036.0,2725503.0,1.79,127183.4,74849.6,9537.6,1572.4,3.3,19979.9439282387,2020-03-01,-284206.0,-265000.0,182327.0,0.0,0.0,170.0,0.0,13.000000000000004,11.899999999999999,3.599999999999998,0.0,0.0,120.39999999999999,286.5,389.2,7.5,347.7,172.6,155.1,71.6,344.0,99.3,16.4,331642
101,2020,4,190049.0,420767.0,2117.75,3076174.0,2263569.0,1.74,123865.5,79705.75,8062.75,967.25,3.21,18153.2058843827,2020-04-01,-230718.0,100750.0,581887.0,0.0,1.3999999999999986,186.8,1.0,14.400000000000002,4.099999999999998,49.0,0.0,105.8,113.1,228.9,280.0,0.0,264.7,137.4,143.2,32.9,205.9,22.3,11.999999999999996,331699
102,2020,5,186518.0,395472.0,2514.0,2942912.0,2076671.0,1.75,109762.0,82499.75,6507.75,32.0,3.61,18961.9949703814,2020-05-01,-208954.0,396250.0,657287.0,20.5,41.3,235.6,30.000000000000004,76.60000000000001,59.7,85.6,12.700000000000003,308.3,218.2,88.4,122.6,0.0,83.7,27.200000000000003,62.5,0.0,106.2,0.0,0.0,331701
103,2020,6,187478.0,338486.0,2947.0,2927068.0,2134224.0,1.63,106117.6,100810.2,5071.2,1262.0,2.99,19991.6033420903,2020-06-01,-151008.0,433000.0,641836.0,150.8,162.9,294.7,146.7,215.8,143.3,94.0,15.599999999999998,402.1,293.0,0.6000000000000014,3.5999999999999996,0.0,8.200000000000001,0.0,0.3999999999999986,0.0,61.7,0.0,0.0,331744
104,2020,7,210419.0,349167.0,3208.2,3026780.0,2468300.0,1.77,104635.25,98105.75,8611.5,618.5,2.9,20314.5558511479,2020-07-01,-138748.0,261199.99999999983,419732.0,275.9,252.1,323.6,217.8,288.2,248.3,106.00000000000001,54.900000000000006,548.8,354.09999999999997,0.0,0.0,0.0,0.0,0.0,0.0,0.0,13.799999999999999,0.0,0.0,331811
105,2020,8,211352.0,360230.0,3395.5,3027588.0,2404283.0,2.3,99502.75,93203.75,6568.25,83.0,3.28,20493.6600106163,2020-08-01,-148878.0,187300.00000000017,474427.0,240.2,203.9,329.0,235.1,251.9,204.9,177.9,63.39999999999999,548.1999999999999,364.4,0.0,0.0,0.0,0.0,0.0,0.0,0.0,5.600000000000001,0.0,0.0,331885
106,2020,9,174225.0,395424.0,3643.75,2957168.0,2156948.0,1.92,104951.2,87372.8,13201.4,88.8,3.49,20730.5988189054,2020-09-01,-221199.0,248250.0,579021.0,116.39999999999999,58.1,286.7,80.9,95.7,109.9,161.4,35.3,386.6,251.79999999999998,5.299999999999997,26.9,0.0,56.6,19.5,16.099999999999998,0.0,24.3,0.0,0.0,331966
107,2020,10,199306.0,481621.0,3901.6,3004869.0,2320505.0,2.39,108864.25,84061.0,21483.0,259.25,3.85,20812.8398904224,2020-10-01,-282315.0,257849.9999999999,402049.0,5.700000000000003,3.3000000000000007,256.09999999999997,2.1999999999999993,28.8,16.599999999999998,120.5,0.0,194.8,136.9,84.80000000000001,223.9,0.0,231.3,153.70000000000002,67.1,0.3000000000000007,167.0,12.000000000000002,22.5,332041
108,2020,11,211570.0,528210.0,3941.0,2998371.0,2446546.0,2.61,109271.5,90768.25,33971.0,43.5,4.77,20626.0476773125,2020-11-01,-316640.0,39400.00000000009,235185.0,1.5,5.0,153.4,0.0,1.0,1.8000000000000007,16.5,0.0,32.7,58.400000000000006,177.2,287.6,0.0,380.0,189.0,217.6,66.9,303.3,120.7,31.800000000000004,332079
109,2020,12,266618.0,553176.0,3652.0,3117483.0,3188152.0,2.59,107344.2,91591.2,31561.4,982.6,4.84,20737.2007743869,2020-12-01,-286558.0,-289000.0,-357227.0,0.0,0.0,28.2,0.0,0.0,0.0,1.1000000000000014,0.0,0.0,5.800000000000001,406.8,533.8,85.10000000000001,568.1,411.7,428.8,106.5,366.3,264.4,164.0,332062
110,2021,1,284065.0,563515.0,3021.0,3105581.0,3335219.0,2.71,109309.0,85317.5,33736.0,676.75,4.62,21020.8539944876,2021-01-01,-279450.0,-631000.0,-509088.0,0.0,0.0,33.2,0.0,0.0,0.0,6.200000000000003,0.0,0.0,7.100000000000001,480.6,590.0,70.0,564.6,438.0,426.6,120.1,361.6,246.2,172.29999999999998,332007
111,2021,2,271877.0,424004.0,2146.75,2597230.0,3095717.0,5.35,118118.5,79916.0,33099.0,394.0,12.68,20758.5000644019,2021-02-01,-152127.0,-874250.0,-650614.0,0.0,0.0,87.1,0.0,0.0,0.0,0.1999999999999993,0.0,0.0,19.099999999999998,451.5,669.7,31.8,555.0,525.9,361.3,76.2,363.6,143.6,221.9,331983
112,2021,3,238724.0,595411.0,1772.25,3136068.0,2640102.0,2.62,114515.8,78965.6,27370.0,685.6,4.71,21196.371793811,2021-03-01,-356687.0,-374500.0,139279.0,0.0,0.0,110.5,0.0,1.0,0.0,6.800000000000001,0.0,5.799999999999997,55.3,318.6,337.2,14.399999999999997,398.8,181.8,202.39999999999998,106.4,337.7,113.3,51.7,332023
113,2021,4,208369.0,564333.0,1873.6,3058663.0,2271622.0,2.66,117685.25,79298.75,23861.5,5502.5,4.46,21270.7340431495,2021-04-01,-355964.0,101349.99999999991,431077.0,0.3999999999999986,14.100000000000001,142.8,0.0,9.500000000000004,9.0,22.100000000000005,0.0,139.9,95.9,174.9,218.5,6.5,286.9,129.5,144.5,41.099999999999994,198.1,2.0,23.599999999999998,332089
114,2021,5,204890.0,578056.0,2164.25,3158085.0,2116420.0,2.91,120892.5,83711.5,21711.0,9128.75,4.89,21306.1058374153,2021-05-01,-373166.0,290650.0000000001,668499.0,39.099999999999994,51.2,244.29999999999998,3.400000000000002,39.8,56.6,17.900000000000002,0.8999999999999986,278.5,190.70000000000002,70.60000000000001,115.4,0.0,130.4,28.0,45.699999999999996,9.600000000000001,142.1,2.0,0.0,332161
115,2021,6,207859.0,539165.0,2469.5,3045264.0,2242031.0,3.26,118935.2,90274.4,31407.8,10874.0,4.92,21355.7872903931,2021-06-01,-331306.0,305250.0,471927.0,156.9,180.5,282.9,146.0,193.6,162.8,85.8,76.30000000000001,495.29999999999995,303.7,0.0,0.0,0.0,9.6,2.4000000000000004,0.0,0.0,41.0,0.0,0.0,332249
116,2021,7,227779.0,566046.0,2664.4,3176507.0,2417590.0,3.84,126712.0,93220.0,48655.75,7797.25,5.64,21432.140376052,2021-07-01,-338267.0,194900.0000000001,420650.0,217.9,192.2,298.6,214.79999999999998,252.5,214.8,147.7,65.4,545.8000000000001,318.1,0.0,0.0,0.0,0.0,0.0,0.0,0.0,4.699999999999999,0.0,0.0,332375
117,2021,8,220959.0,563572.0,2830.0,3185920.0,2436266.0,4.07,128124.2,90485.6,94478.4,3600.0,6.06,21467.6915212884,2021-08-01,-342613.0,165599.9999999999,407041.0,235.6,231.1,304.5,188.8,268.1,219.10000000000002,139.8,64.2,507.70000000000005,349.0,0.0,0.0,0.0,0.0,0.0,0.0,0.0,15.200000000000005,0.0,0.0,332506
118,2021,9,220206.0,535583.0,3045.25,3104078.0,2138211.0,5.16,154650.0,91247.75,141168.25,2247.0,6.7,21553.3454666906,2021-09-01,-315377.0,215250.0,650490.0,138.3,117.8,256.6,91.60000000000001,194.5,97.3,81.89999999999999,11.299999999999997,370.3,238.9,0.10000000000000142,6.799999999999999,0.0,21.6,0.0,9.100000000000001,0.0,56.29999999999999,0.0,0.0,332610
119,2021,10,228203.0,545055.0,3455.4,3258481.0,2259328.0,5.51,167532.25,83530.75,139444.25,0.0,7.97,21777.9722084024,2021-10-01,-316852.0,410150.0000000001,682301.0,39.7,38.4,207.5,0.0,45.7,43.099999999999994,40.6,0.0,81.39999999999999,170.4,37.8,105.2,0.0,220.5,43.7,75.0,22.9,212.2,17.800000000000004,4.400000000000002,332708
120,2021,11,242405.0,556982.0,3612.25,3188958.0,2684978.0,5.05,154765.2,81257.6,124338.4,48.6,8.1,21783.7611655945,2021-11-01,-314577.0,156849.9999999999,189403.0,0.0,0.0,57.89999999999999,0.0,0.0,0.0,18.000000000000004,0.0,32.2,22.899999999999995,281.6,389.0,22.700000000000003,330.7,225.5,319.4,51.9,274.2,47.2,76.1,332806
121,2021,12,252626.0,620886.0,3341.0,3323025.0,3008222.0,3.76,161749.5,77914.25,109270.75,178.75,7.4,21985.1682474198,2021-12-01,-368260.0,-271250.0,-53457.0,0.0,0.0,102.69999999999999,0.0,2.1000000000000014,1.5,0.0,0.0,0.0,94.5,383.2,427.5,6.0,489.0,243.7,246.7,182.2,443.7,242.8,48.7,332891
122,2022,1,296248.0,610836.0,2685.0,3235266.0,3593297.0,4.38,152195.25,71110.5,88843.0,916.25,7.04,21762.2895337971,2022-01-01,-314588.0,-656000.0,-672619.0,0.0,0.0,28.3,0.0,0.0,2.1999999999999993,0.6000000000000014,0.0,0.0,13.299999999999997,619.6,711.4,79.7,587.4,483.0,486.1,117.4,399.1,241.7,215.9,332933
123,2022,2,257977.0,546428.0,1859.25,2914480.0,3059140.0,4.69,141762.0,71652.25,90370.0,4064.5,8.22,21745.844740152,2022-02-01,-288451.0,-825750.0,-433111.0,0.0,0.0,70.6,0.0,0.0,0.0,6.899999999999999,0.0,1.9000000000000021,12.399999999999995,407.4,549.8,30.5,529.1,413.3,333.9,104.4,337.7,161.0,207.2,332972
124,2022,3,259499.0,639074.0,1440.75,3282454.0,2780564.0,4.9,132198.2,71831.4,101129.6,3031.6,7.24,21712.4857783989,2022-03-01,-379575.0,-418500.0,122315.0,0.0,0.0,138.0,0.0,4.400000000000002,2.1999999999999993,8.500000000000004,0.0,34.599999999999994,36.0,328.3,387.5,0.0,396.2,249.4,232.6,77.1,297.7,66.4,77.8,333067
125,2022,4,244998.0,587385.0,1457.2,3199218.0,2360385.0,6.6,136689.5,65248.75,90385.75,896.75,8.45,21676.5794341927,2022-04-01,-342387.0,16450.000000000044,496446.0,2.1000000000000014,7.600000000000001,165.0,0.3999999999999986,32.89999999999999,12.899999999999999,31.299999999999997,0.0,119.5,132.1,206.3,255.8,0.1999999999999993,247.1,80.3,135.0,51.300000000000004,284.4,10.3,0.6999999999999993,333191
126,2022,5,230899.0,616665.0,1773.75,3332041.0,2241399.0,8.14,145243.4,64906.8,80251.8,259.4,10.31,21721.5720403315,2022-05-01,-385766.0,316549.99999999994,704876.0,43.99999999999999,104.10000000000001,275.3,20.9,136.3,100.69999999999999,13.400000000000002,0.0,255.4,262.3,57.199999999999996,72.0,0.0,123.9,34.0,7.300000000000001,26.5,196.3,0.6999999999999993,0.0,333317
127,2022,6,228882.0,553760.0,2129.5,3232326.0,2316782.0,7.7,145994.75,55897.25,62749.25,292.75,11.44,21730.4436347257,2022-06-01,-324878.0,355750.0,590666.0,113.3,185.3,312.6,113.0,239.3,190.1,74.3,18.2,445.4,332.6,0.1999999999999993,1.6000000000000014,0.0,16.200000000000003,0.0,0.0,0.0,69.39999999999999,0.0,0.0,333451
128,2022,7,257197.0,559842.0,2390.8,3375077.0,2582825.0,7.28,139753.0,55204.75,48075.25,318.5,9.99,21707.6683976963,2022-07-01,-302645.0,261300.00000000017,489607.0,267.4,235.9,345.8,211.1,373.40000000000003,242.3,95.4,77.2,524.9,360.7,0.0,0.0,0.0,0.0,0.0,0.0,0.0,11.600000000000005,0.0,0.0,333599
129,2022,8,235884.0,558031.0,2559.75,3392383.0,2559333.0,8.81,127036.8,52573.4,54081.2,43.4,12.22,21980.0029561237,2022-08-01,-322147.0,168949.99999999983,510903.0,229.0,214.0,336.4,173.6,306.4,200.3,153.3,88.8,480.4,319.2,0.0,0.0,0.0,0.0,0.0,0.0,0.0,3.1000000000000014,0.0,0.0,333762
130,2022,9,233927.0,526465.0,2884.4,3330414.0,2287981.0,7.88,134901.0,54501.5,69850.5,1619.25,12.79,21869.8820521419,2022-09-01,-292538.0,324650.0000000001,749895.0,79.4,122.3,263.1,79.8,180.89999999999998,96.6,190.3,14.799999999999997,389.4,275.1,17.2,28.099999999999994,0.0,18.5,0.0,14.900000000000002,0.0,20.499999999999996,0.0,0.0,333925
131,2022,10,239507.0,554328.0,3367.0,3437743.0,2363706.0,5.66,144761.75,59868.25,60249.0,944.5,10.22,21905.7758698445,2022-10-01,-314821.0,482599.9999999999,759216.0,0.10000000000000142,12.7,177.2,0.0,35.4,0.0,55.50000000000001,0.10000000000000142,174.1,143.0,147.7,152.4,3.0,222.0,73.4,137.70000000000002,5.400000000000002,135.9,17.6,8.999999999999998,334071
132,2022,11,246201.0,553774.0,3567.75,3326572.0,2766953.0,5.45,150589.0,64618.2,44807.0,1029.6,8.63,22011.6253650731,2022-11-01,-307573.0,200750.0,252046.0,2.8999999999999986,4.0,130.20000000000002,0.0,5.299999999999997,1.9000000000000021,0.0,0.0,3.6999999999999993,51.3,263.6,343.5,11.399999999999999,491.3,300.4,236.9,87.1,382.9,196.8,109.2,334206
133,2022,12,292940.0,597316.0,3240.4,3370376.0,3375867.0,5.53,158008.25,75580.0,48566.25,4359.75,9.91,22056.6539705055,2022-12-01,-304376.0,-327349.9999999999,-309867.0,0.0,0.0,47.3,0.0,0.0,0.0,2.0,0.0,0.0,44.0,482.8,595.5,63.0,609.8,428.4,395.9,135.9,439.3,263.5,153.2,334326
134,2023,1,275231.0,608605.0,2759.75,3428769.0,3304970.0,3.27,159074.2,77435.6,51324.2,3376.6,8.03,22125.3658244867,2023-01-01,-333374.0,-480650.0000000001,-209575.0,0.0,0.0,51.599999999999994,0.0,0.0,0.0,0.0,0.0,0.0,32.400000000000006,407.2,553.0,50.7,629.7,377.3,349.3,158.4,368.3,286.0,108.1,334433
135,2023,2,243931.0,574773.0,2235.25,3102781.0,2947468.0,2.38,172685.25,72258.5,35699.0,2659.25,6.57,22111.8923512057,2023-02-01,-330842.0,-524500.0,-175529.0,0.0,0.0,94.0,0.0,1.1000000000000014,5.599999999999998,0.0,0.0,0.0,49.1,358.5,463.90000000000003,8.000000000000002,508.8,329.4,225.9,144.4,365.8,229.2,101.0,334544
136,2023,3,249519.0,650773.0,1917.0,3474934.0,3012011.0,2.31,179857.5,71661.5,29517.25,5058.25,5.55,22103.9627374431,2023-03-01,-401254.0,-318250.0,61669.0,0.0,0.0,143.4,0.0,3.1999999999999993,4.800000000000001,0.0,0.0,1.3999999999999986,93.3,349.3,440.3,11.0,463.7,254.4,224.79999999999998,141.70000000000002,344.9,166.4,41.7,334664
137,2023,4,220387.0,620697.0,1964.25,3362007.0,2421035.0,2.16,176628.5,74286.25,31309.25,9951.25,4.91,22109.4849587677,2023-04-01,-400310.0,47250.0,540662.0,10.600000000000001,19.7,190.9,0.8000000000000007,14.7,10.3,10.799999999999997,0.3000000000000007,116.4,86.5,149.1,216.79999999999998,0.0,285.5,112.8,104.1,66.7,265.5,33.9,13.200000000000001,334792
138,2023,5,216145.0,638382.0,2290.75,3499909.0,2314697.0,2.15,171993.2,71219.6,30945.4,11609.4,5.05,22255.2008285059,2023-05-01,-422237.0,326500.0,762975.0,24.400000000000006,44.3,229.70000000000002,3.1000000000000014,82.1,63.2,2.299999999999997,21.7,257.8,223.9,53.5,69.10000000000001,0.0,87.3,12.300000000000004,26.0,32.199999999999996,89.0,0.1999999999999993,0.0,334929
139,2023,6,231555.0,607307.0,2719.8,3375450.0,2360394.0,2.18,173009.75,72657.25,31619.0,8185.5,4.99,22316.0507287223,2023-06-01,-375752.0,429050.0000000002,639304.0,88.2,124.10000000000001,271.5,52.900000000000006,207.1,113.3,21.3,15.5,328.7,321.40000000000003,2.0,10.399999999999999,0.0,34.0,0.0,0.1999999999999993,3.2000000000000064,62.89999999999999,0.0,0.0,335080
140,2023,7,256094.0,634485.0,2972.25,3494802.0,2665539.0,2.55,164261.0,70642.5,28738.25,5280.25,4.79,22412.86791245985,2023-07-01,-378391.0,252449.99999999983,450872.0,247.70000000000002,193.4,320.9,188.6,287.7,214.9,146.8,63.0,594.9,371.3,0.0,0.0,0.0,0.0,0.0,0.0,0.0,2.700000000000003,0.0,0.0,335248
141,2023,8,246435.0,634499.0,3073.25,3533722.0,2673938.0,2.58,161056.8,80225.0,42054.8,915.2,4.7,22499.048698836275,2023-08-01,-388064.0,101000.0,471720.0,191.3,170.6,346.3,166.7,337.7,200.3,163.0,84.7,453.6,414.1,0.0,0.0,0.0,0.0,0.0,0.0,0.0,3.5000000000000036,0.0,0.0,335431
142,2023,9,230008.0,625625.0,3285.2,3426002.0,2372887.0,2.64,161434.75,80991.0,33857.25,1822.75,4.72,22564.77967087682,2023-09-01,-395617.0,211949.99999999983,657498.0,118.9,80.8,278.6,55.0,204.20000000000002,113.30000000000001,111.5,8.300000000000004,291.7,331.2,11.7,6.599999999999998,0.0,21.0,0.0,0.0,0.0,68.9,0.0,0.0,335612
143,2023,10,230969.0,651805.0,3658.5,3536693.0,2438397.0,2.98,153580.0,85366.4,38352.4,4470.2,5.18,22494.514582420543,2023-10-01,-420836.0,373300.0000000002,677460.0,26.600000000000005,28.900000000000002,189.7,2.8999999999999986,56.3,22.700000000000003,76.7,0.0,153.1,161.4,66.8,166.2,0.3999999999999986,221.0,93.3,89.3,0.6999999999999993,198.4,11.5,20.900000000000002,335773
144,2023,11,251536.0,654710.0,3817.0,3468760.0,2823354.0,2.71,164974.75,97937.5,40037.0,5299.75,5.49,22683.428513022503,2023-11-01,-403174.0,158500.0,242232.0,0.0,0.0,90.9,0.0,5.800000000000001,2.3000000000000007,15.400000000000002,0.0,6.799999999999997,35.800000000000004,262.6,339.8,15.0,400.7,229.2,235.6,22.099999999999998,335.0,114.7,78.7,335925
145,2023,12,277477.0,709406.0,3585.2,3596519.0,3169172.0,2.52,165864.25,104969.5,28918.25,7789.75,5.14,22863.381509738272,2023-12-01,-431929.0,-231800.00000000017,-4582.0,0.0,0.0,41.400000000000006,0.0,0.0,0.0,2.599999999999998,0.0,0.0,9.5,339.8,408.2,52.300000000000004,531.7,330.5,351.9,68.1,337.8,207.0,103.0,336070
146,2024,1,323453.0,673868.0,3008.25,3470579.0,3696290.0,3.18,161202.8,103432.2,22377.0,6495.4,5.4,22723.12592433869,2024-01-01,-350415.0,-576949.9999999998,-576126.0,0.0,0.0,0.0,0.0,0.0,0.0,0.0,0.0,0.0,0.0,12.0,17.9,3.6999999999999993,17.9,17.6,14.2,4.1,13.8,6.9,3.1999999999999993,336194
